{
  "agent": {
    "metrics_collection_interval": 60,
    "run_as_user": "root"
  },
  "logs": {
    "logs_collected": {
      "files": {
        "collect_list": [
          {
            "file_path": "/root/sample-app/log/puma.stderror.log",
            "log_group_name": "/cw-monitoring-framework/puma/stderror",
            "log_stream_name": "{instance_id}"
          },
          {
            "file_path": "/root/sample-app/log/puma.stdout.log",
            "log_group_name": "/cw-monitoring-framework/puma/out",
            "log_stream_name": "{instance_id}"
          },
          {
            "file_path": "/root/sample-app/log/production.log",
            "log_group_name": "/cw-monitoring-framework/puma/access",
            "log_stream_name": "{instance_id}"
          }
        ]
      }
    }
  },
  "metrics": {
    "append_dimensions": {
      "AutoScalingGroupName": "${aws:AutoScalingGroupName}",
      "InstanceId": "${aws:InstanceId}"
    },
    "metrics_collected": {
      "statsd": {
        "service_address": ":8125",
        "metrics_collection_interval": 10,
        "metrics_aggregation_interval": 10
      },
      "procstat": [
        {
          "exe": "ruby",
          "measurement": [
            "cpu_usage",
            "memory_rss",
            "memory_vms",
            "read_bytes",
            "write_bytes",
            "read_count",
            "write_count",
            "pid_count",
            "realtime_priority",
            "nice_priority"
          ]
        }
      ]
    }
  }
}
