{
  "agent": {
    "metrics_collection_interval": 60,
    "run_as_user": "root"
  },
  "logs": {
    "logs_collected": {
      "files": {
        "collect_list": [
          {
            "file_path": "/var/log/www/error/*",
            "log_group_name": "/cw-monitoring-framework/apache/error",
            "log_stream_name": "{instance_id}"
          },
          {
            "file_path": "/var/log/www/access/*",
            "log_group_name": "/cw-monitoring-framework/apache/access",
            "log_stream_name": "{instance_id}"
          }
        ]
      }
    }
  },
  "metrics": {
    "append_dimensions": {
      "AutoScalingGroupName": "${aws:AutoScalingGroupName}",
      "InstanceId": "${aws:InstanceId}"
    },
    "metrics_collected": {
      "procstat": [
        {
          "exe": "httpd",
          "measurement": [
            "cpu_usage",
            "memory_rss",
            "memory_vms",
            "read_bytes",
            "write_bytes",
            "read_count",
            "write_count"
          ]
        }
      ]
    }
  }
}
